function, SparseFormat, path/to/first/dense/matrix, path/to/second/dense/matrix, path/to/first/sparse/matrix, result
test_hub_GPU,/scratch/eschreib/matrices/Dataset001_testing/A/n_5000_m_5000_sparsity_1.txt,/scratch/eschreib/matrices/Dataset001_testing/B/n_5000_m_5000_sparsity_1.txt,/scratch/eschreib/matrices/Dataset001_testing/A/n_5000_m_5000_sparsity_1.txt,52352.000028,16383.999959,47104.001045,12288.000435,45056.000352,11264.000088,46080.000699,12288.000435,45056.000352,12288.000435,46080.000699,13311.999850,45056.000352,11264.000088,45056.000352,12256.000191,45024.000108,13311.999850,46080.000699,12288.000435,
